DE000SX6ZE32,US37637K1088
DE000SW1X4Q0,US03027X1000
DE000FA1ZNU8,LU1673108939
DE000FA8N4U0,US91324P1021
DE000SY74PA0,US6792951054
DE000SQ8NDX1,US6792951054
DE000SQ8NDX1,US6792951054
DE000FA67XT5,VGG320891077
DE000FA0FYR5,CH0009002962
DE000SW3NT67,NL0010273215
DE000SX5PQC9,SE0012673267
DE000FA7CBN4,US37637K1088
DE000SX53GL2,US37637K1088
DE000FA0H6J4,US6792951054
DE000SW1H2G5,US6792951054
DE000SJ2QQU4,US6541061031
DE000SW2RWJ6,US6792951054
DE000SW3C0D9,NL0010273215
DE000SY2H2B1,US6541061031
DE000SY2H2A3,US6541061031
DE000SJ766W0,US6541061031
DE000FA1A2C4,US91324P1021
DE000FA8LV55,US91324P1021
DE000FA7VQG6,US91324P1021
DE000SU04VR7,US6792951054
DE000FA68VQ3,NL0010273215
DE000FA1NXS7,SE0012673267
DE000SY6MUZ6,US6792951054
DE000FA6Q6Y6,CH0009002962
DE000SX8RAQ3,DK0062498333
DE000SW36N21,US7134481081
DE000FA7VQL6,DK0062498333
DE000FA6NW13,SE0012673267
DE000SJ7V9A6,SE0012673267
DE000SW24BH4,US7134481081
DE000FA5LZ70,US37637K1088
DE000SX0XAS4,CH0009002962
DE000SJ93UH6,SE0012673267
DE000FA0NT22,SE0012673267
DE000FA7VGL7,US91324P1021
DE000SY58817,FR0000121014
DE000SY0YZB4,US29414B1044
DE000FA0X5B3,US91324P1021
DE000SX83B34,US6541061031
DE000SX82YX9,SE0012673267
DE000SJ7CLB4,SE0012673267
DE000SJ72FX8,US7134481081
DE000FA7VG53,DK0062498333
DE000FA540U7,FR0000121014
DE000FA60Q02,US91324P1021
DE000SX82VC9,SE0012673267
DE000FA1FA48,US21036P1084
DE000SX8TGD4,CH0009002962
DE000SW22GW6,US03027X1000
DE000SJ9KRS4,US21036P1084
DE000SY7HWK2,NL0012969182
DE000FA73QY7,US91324P1021
DE000FA6YQX7,US21036P1084
DE000SJ9GW39,CH0009002962
DE000FC0CA63,LU1673108939